,Transported
6176,1
1871,0
1246,1
2969,1
3257,1
2504,0
8487,0
4572,1
1662,1
3425,0
1989,1
7542,0
7308,1
8073,0
7417,1
6253,1
235,0
4662,1
2710,0
2867,1
1309,0
1449,1
6022,1
4929,1
6600,0
1923,0
8139,1
2804,0
2412,0
4777,1
3272,1
5962,1
1424,0
6730,0
3323,0
2670,1
4953,1
1940,0
941,1
3659,1
8113,1
7672,0
4738,0
5554,0
3716,0
3173,1
5741,1
2666,1
6400,1
64,0
5100,1
7596,0
8523,1
990,0
88,0
5742,1
3621,1
4826,1
5650,1
7423,0
6244,0
310,0
3942,0
6586,1
8470,0
1930,0
19,1
193,0
4940,0
1346,1
7080,1
2792,0
1727,1
2958,1
3871,1
542,0
3920,0
4650,1
4322,0
7213,0
3362,0
4996,1
4537,0
3703,1
6250,1
2897,1
2986,1
113,0
6816,1
6859,0
7648,0
6318,0
4709,1
4309,1
4492,0
4250,0
7904,0
2465,1
723,0
4578,0
6493,0
4304,1
3019,1
4743,1
7575,1
1914,0
6035,0
7884,1
8447,0
8072,0
1357,0
1645,0
4067,1
3570,1
6124,1
2317,1
6717,1
5172,1
5818,0
1933,0
4820,1
3482,0
4609,0
5175,0
7130,0
70,1
1832,1
6870,1
4887,0
901,0
1781,1
627,1
4469,0
5095,0
6685,1
7481,1
1041,0
7361,1
4512,1
3464,1
4654,0
2089,0
5553,0
8078,1
4432,0
5422,0
5169,0
5421,1
1490,1
8096,1
1326,0
2181,1
919,0
799,0
8280,1
1731,1
5025,1
3102,0
1042,1
8440,1
7899,0
4416,0
3651,1
2066,0
2819,0
4086,1
5030,1
1385,0
6102,1
4703,1
5895,1
109,1
8107,1
2826,0
6950,0
2275,0
7867,0
5879,0
4144,0
3883,0
3619,0
1840,1
4259,1
7520,1
3693,1
1975,0
2215,1
4498,1
1060,1
1837,1
8353,1
222,0
752,1
365,1
4574,1
7984,0
5032,0
5829,0
57,0
3445,1
6719,1
8308,1
5872,0
859,0
5761,1
4885,0
3626,0
1173,1
2413,0
7783,1
7970,1
7404,1
4326,0
7070,1
7402,1
3838,1
6704,0
745,1
8133,0
1685,0
3199,1
271,1
5379,0
3715,0
7297,0
2007,1
8400,0
5840,1
6830,1
6414,1
3896,0
1115,1
8220,1
5114,1
7325,0
5407,1
3103,0
3031,1
852,0
4999,0
24,1
7724,1
465,0
7106,1
8269,0
7230,1
2484,1
8419,0
5561,0
8682,1
7114,1
2700,1
3321,1
2331,0
4543,0
3968,0
6333,0
4768,0
6547,0
7116,0
4061,1
3990,1
2820,0
5069,0
5170,1
7930,1
3875,0
4070,0
4528,1
1303,0
7096,1
1147,1
1595,0
2348,0
2549,1
3157,0
4468,0
3296,1
4503,1
6791,0
7208,0
3346,1
2677,0
8015,1
3109,0
5878,0
808,1
8387,1
8306,0
3527,0
7742,1
4856,1
3487,1
3289,0
1356,0
6453,1
503,0
1182,0
4233,0
5719,1
215,1
5512,0
1918,1
3893,0
2860,1
2209,1
3178,0
3494,1
5119,0
6408,1
6497,0
3747,0
3072,0
4902,0
1735,0
7456,0
75,0
7590,1
6114,1
1779,0
179,1
6285,1
2674,1
5062,0
8126,0
7615,1
3496,0
317,1
7356,1
5946,0
1858,0
7568,0
2950,0
7388,0
3523,1
3536,1
7594,0
5930,0
8443,0
1687,1
2104,1
3481,0
4219,1
8580,1
8379,1
2787,0
2363,0
7730,1
437,1
6494,0
7523,1
5130,1
1949,1
5956,0
1599,0
6895,0
1862,1
5573,1
850,0
592,1
3244,1
1153,0
5247,1
6777,1
726,1
4131,1
2681,1
6260,0
6682,1
316,0
7281,0
1545,0
6236,1
4727,0
17,0
8114,0
5250,1
2706,0
3866,0
5500,0
2164,1
1103,1
5108,0
8610,1
2784,1
3492,0
7128,1
5792,1
7856,0
7817,1
4066,1
578,1
5587,0
5869,1
1481,0
6009,1
1882,1
1207,1
7343,0
3195,0
4744,1
4705,0
1829,1
6858,1
5328,1
611,1
371,0
7149,1
7175,0
1185,0
8376,0
2881,0
7853,0
8178,1
1763,0
5265,1
3147,1
8510,1
6780,1
571,0
5202,0
5208,1
7137,0
6258,0
459,0
4556,1
7420,1
8452,0
7874,1
5295,0
2990,0
5501,1
4190,0
505,0
8315,1
1810,1
5312,1
2781,0
8430,1
3047,1
4858,1
5567,1
4928,1
1135,0
2796,0
4891,1
7549,1
3002,0
6614,1
4034,0
520,1
8559,0
1549,0
327,1
2345,1
3805,1
4043,0
6028,1
4921,1
3236,0
3711,0
3068,0
2692,0
435,0
6901,0
7581,0
6591,0
2128,1
3601,1
2383,1
4340,1
4958,1
5816,1
2474,1
5881,1
4628,1
554,1
1276,1
4451,0
5729,0
4139,1
5029,1
5557,0
5939,1
2858,1
4842,1
4589,1
906,1
3113,0
1180,0
7122,1
8081,1
2751,0
4255,0
460,1
2524,0
2107,1
4093,0
2888,1
6204,0
4501,1
2481,1
7571,1
3971,0
8338,0
3847,1
2421,1
8245,0
7691,1
1291,0
101,0
2605,0
5052,0
8027,0
1736,0
2153,1
2150,1
50,0
3791,1
8429,1
4634,1
7766,0
7162,1
4693,1
939,1
5198,0
654,1
2861,0
3914,1
2266,0
543,1
4065,1
6531,1
6070,1
2877,0
2665,1
522,0
7918,1
1563,1
7395,0
4026,1
7013,0
8066,0
5938,1
6107,0
6263,1
683,0
1374,1
3058,1
8214,0
3126,0
7071,1
6445,1
4084,0
5334,1
5762,0
2636,1
6476,0
7642,0
4428,1
634,0
4338,1
164,0
1124,0
1588,0
7506,0
5282,1
7031,0
7161,0
6792,1
4298,1
5609,0
7578,1
2071,1
2311,1
2631,0
3052,1
53,1
8360,1
490,0
4597,1
8465,1
8691,0
6981,1
7893,1
1351,0
8655,0
3233,1
2476,0
8326,0
8660,0
6457,1
5699,1
4490,1
6884,1
221,1
7574,1
3033,0
251,0
216,0
8153,0
1156,0
3918,0
2163,0
6265,1
6113,1
8453,0
8643,1
4023,0
347,0
6797,0
517,1
6637,0
1561,0
1720,1
1161,1
8424,0
889,0
3438,1
3652,0
5099,1
5145,1
3498,1
1861,0
3163,0
7754,0
38,0
833,0
1849,1
2300,0
6758,0
7133,0
2252,1
8441,1
6268,0
5458,1
6782,0
1105,0
688,0
1615,1
3427,1
831,0
5789,1
3444,0
8034,0
8125,0
7825,1
1461,0
213,0
851,0
1852,1
8303,1
262,0
7655,0
4152,1
233,0
1885,0
3358,1
3804,1
3745,1
6402,0
5603,1
2953,0
5785,0
360,1
390,1
5226,0
5266,1
4349,1
3821,1
6986,0
25,0
4176,1
728,0
1998,0
5739,1
784,1
914,0
4997,0
3011,0
2586,0
7910,0
5337,1
499,1
7451,1
4191,0
2228,0
8383,0
4770,1
159,0
1825,0
2664,0
568,0
511,1
5314,1
6053,1
3870,1
6293,0
1121,1
4357,1
5499,0
5056,0
6360,1
7006,1
4293,1
6440,1
742,0
7227,1
107,1
1777,0
1618,0
7622,1
6487,1
6085,0
3186,0
2817,0
8276,0
2652,0
1039,0
2466,1
5618,1
3474,1
940,0
7224,0
3522,1
2621,0
4724,0
4967,1
3334,1
8111,0
3292,1
7680,1
8423,0
2719,0
5492,1
1053,0
4896,0
5945,0
8268,1
2818,0
8058,1
1126,0
987,1
3997,0
7357,0
4278,0
6310,0
7269,1
3855,1
7440,0
7772,1
2770,0
8185,0
6436,1
2933,0
1466,0
6433,0
1889,1
7997,1
876,1
4506,0
694,0
2260,1
463,1
491,0
6152,0
4134,0
4383,1
1117,0
8402,0
7525,0
162,0
3514,1
7159,1
7322,0
1606,0
210,0
4649,0
5072,0
1639,0
4063,1
6136,1
4328,1
4645,0
5912,0
7875,1
3929,1
125,1
8552,0
6460,0
4352,0
7985,1
2837,1
8461,0
4132,1
4371,0
1634,1
2131,0
1022,1
3066,0
2335,1
2343,1
5373,1
2384,0
8152,0
5181,0
4638,1
2538,1
3039,1
155,0
7454,1
1069,0
7429,1
556,1
4581,1
5372,1
1811,1
1120,0
2381,1
6850,1
1945,0
2911,1
1658,0
5367,1
1721,1
3137,1
2637,1
841,0
743,0
5316,1
1321,1
1427,1
4224,0
2036,0
413,1
1320,0
8535,1
960,0
8052,1
2968,0
3142,0
3895,1
6763,0
757,1
2477,0
1973,0
2581,1
8001,1
8498,1
4550,0
1281,0
636,0
5595,1
2662,0
214,0
1959,0
3285,1
2718,0
3778,0
4646,0
1985,1
979,1
225,0
1210,0
1195,0
1191,0
242,0
1650,1
464,0
1636,1
5591,0
625,1
2915,0
3591,1
4868,1
4406,0
8503,0
1236,1
6353,1
1458,1
5229,1
7302,0
6040,1
8235,1
759,1
4927,1
7785,0
8092,0
8346,1
8263,1
6275,1
8168,0
8265,0
894,1
2610,1
5060,1
5036,1
4670,0
7813,0
2991,0
932,0
8545,1
1298,0
598,1
975,0
1068,0
722,1
5843,0
6196,0
7823,0
8458,1
5827,1
7050,1
481,1
2337,1
778,0
139,0
1602,1
1263,0
6781,1
6198,0
6963,0
6608,0
6698,0
1957,0
814,1
8180,0
7362,1
5206,1
1192,1
5910,1
467,1
1586,1
1604,0
3,0
6565,1
6144,1
768,1
2184,0
6162,0
5161,1
5342,0
2574,0
847,0
1587,0
7532,0
3849,1
2185,0
803,1
7765,0
7502,1
7104,0
2039,0
7477,1
5082,0
8641,1
1876,0
6804,1
362,0
3188,1
5381,0
1665,1
8640,1
8247,0
1201,0
4536,1
6116,0
6455,0
6314,1
5390,0
2821,0
4942,1
7064,1
7049,1
4904,1
2926,0
7656,0
4832,1
5800,1
1216,1
8518,1
6149,0
858,1
27,0
7408,0
582,0
4454,1
1655,0
957,1
5687,1
4375,0
866,1
3205,0
7534,0
1764,0
8238,1
4692,0
2368,0
4019,1
7799,1
3965,0
828,0
6221,0
7471,1
3406,1
6923,1
2114,0
2168,0
7531,0
5893,1
6048,1
7526,0
7112,1
7541,1
6961,1
3131,0
8344,0
4861,0
1233,0
544,0
1981,0
4951,1
6459,1
7909,1
4666,1
7301,1
1901,0
3686,1
765,0
2606,0
8587,0
1942,1
5399,0
4122,1
2592,1
6819,0
8357,0
7273,0
4749,0
5383,0
1071,1
462,0
6716,0
8189,0
699,0
6694,1
4607,0
5794,1
1877,0
6448,1
4099,1
8017,0
3957,0
66,0
3948,0
399,0
3138,0
6554,0
7847,1
6397,0
2055,0
3252,0
4208,0
5361,1
8679,1
236,0
6549,1
5232,1
955,0
5456,1
7348,1
5335,1
4816,0
6560,1
7505,0
2866,1
6127,0
6881,1
2418,1
6826,1
2653,0
921,1
2714,0
8056,1
6706,0
108,1
5241,0
23,0
5347,1
8254,0
8150,1
5772,0
689,1
4346,1
2747,0
77,1
8091,0
7262,1
3378,0
7976,0
1448,1
510,1
5128,1
4932,0
6261,0
8201,1
1061,1
4103,1
6420,1
2456,1
3980,1
4513,1
8064,0
4598,1
7798,1
199,0
7623,1
664,1
1794,0
6729,1
7110,0
7250,1
5703,0
6031,1
4440,1
6674,0
3683,0
1707,0
5321,0
1371,1
3776,1
4434,1
671,1
1227,0
2310,0
4290,1
1312,1
1412,1
6994,1
4546,1
5469,0
5552,1
892,0
4277,0
2487,0
5479,1
7564,0
3568,0
47,1
5941,1
715,1
2296,0
2749,1
5833,1
1495,1
5798,1
5693,1
7814,0
2703,0
4874,0
6767,0
5521,0
1410,1
6878,0
8218,1
4342,1
1314,0
2828,0
6504,1
6776,1
2398,0
7841,1
8654,1
782,0
3753,0
5484,0
3082,1
4296,0
3993,0
2876,0
8273,0
898,0
6377,0
911,0
695,0
183,0
495,0
7682,1
3685,0
1070,0
6809,1
43,0
6010,0
5676,1
548,0
6722,1
6283,1
7550,1
1774,0
4348,1
4470,0
5710,0
3357,1
4373,1
90,1
2647,0
8371,0
3171,0
971,0
4524,0
7221,0
8087,0
54,1
4769,0
7576,0
3964,0
1796,0
124,0
1896,0
5575,1
4241,1
4960,0
7257,0
5576,0
6110,0
3393,0
121,0
5701,0
4461,1
1047,1
1988,0
223,1
7111,1
3833,1
6003,1
276,0
8147,0
3669,0
1362,1
4988,1
4424,1
4505,0
7657,0
756,1
4121,0
4102,0
8522,1
1692,0
227,1
6094,1
7911,1
6356,1
3305,0
396,1
7945,0
5666,0
8491,0
1472,0
188,1
7040,1
1024,1
7136,1
2091,1
8209,0
126,0
3398,0
885,1
3051,0
4778,1
6309,1
2548,0
8010,1
1054,1
8617,1
3829,0
927,1
7963,1
4957,1
2097,0
639,0
8621,0
4948,0
7165,0
658,0
1128,0
4325,1
1406,1
8525,0
1726,1
1023,0
4090,1
2170,1
6845,0
5905,1
3694,0
870,1
2630,1
3569,0
8332,1
773,1
5024,1
5622,1
5449,1
3392,1
2141,0
4881,1
7664,0
1776,0
5249,1
5453,0
1384,1
1971,0
4392,1
502,1
3764,0
3630,0
4535,1
4369,1
3999,0
1902,0
4647,1
6137,1
4975,1
6205,1
2994,0
1681,0
7146,1
6338,1
5784,0
8053,0
2364,1
1556,1
7572,1
8298,1
666,0
483,0
7535,1
2875,1
1961,1
686,1
4964,1
1680,0
8665,0
4672,0
6156,1
8095,0
429,1
4350,0
2261,1
4368,0
8190,0
1592,0
5246,1
295,1
6193,0
136,0
84,0
2542,0
1771,1
3418,1
6990,1
7163,1
7606,1
1460,1
2475,0
4690,0
5555,1
4456,0
5267,1
7922,1
2494,0
6388,0
3015,1
7051,0
1202,0
1150,1
5517,1
7478,1
8221,1
6761,0
5356,0
5035,1
2811,0
383,1
6120,1
8075,0
151,1
4292,0
1990,0
6428,0
4483,1
8317,1
8658,1
3227,1
245,1
152,1
2001,1
6073,1
273,0
3080,1
8481,0
8022,0
2604,0
8672,0
4220,0
3547,1
4683,0
4766,0
6159,1
7338,0
4894,1
5964,0
1065,1
4126,0
3814,0
7132,1
1328,0
2757,0
6887,0
4854,1
1836,0
612,0
1090,0
6484,1
5363,0
8323,0
4678,1
1706,1
3564,0
6595,0
7232,1
3069,0
2801,1
6013,0
1578,0
3635,0
3558,1
2590,0
1667,1
5752,1
6639,0
1,1
3396,0
420,0
3960,0
5432,0
8678,1
1179,1
5588,1
3676,0
4107,1
493,1
7849,0
466,1
8307,1
2031,0
8413,0
2869,1
2580,0
3291,1
1409,0
143,1
2471,0
5516,0
2956,0
8466,1
7011,1
4834,1
1429,0
4196,1
4133,1
3387,1
4345,1
1754,1
1679,1
8128,1
5949,1
453,0
1494,1
6984,0
8628,1
1884,1
2735,0
486,1
7386,1
1504,1
2928,1
2057,0
6471,1
6407,0
8196,1
8420,0
8542,0
393,0
7493,1
3812,1
8011,1
1057,1
4773,1
6807,1
6032,1
2734,0
3146,1
6582,0
646,0
7334,1
1919,1
3836,1
2283,1
3182,1
4109,1
2250,1
8044,1
1169,1
711,1
1082,0
3611,0
3680,1
6954,1
838,1
7999,0
1660,0
7464,1
913,1
2746,1
4051,1
816,1
5409,0
2959,0
7733,0
7843,1
206,1
5446,1
6200,1
134,0
4603,0
7697,0
2750,1
6212,0
8651,0
4877,0
2740,0
5786,0
4686,1
5340,1
843,1
1813,0
923,0
2512,0
7678,0
4265,1
1292,0
7391,0
4919,1
402,0
1342,0
5688,1
2288,1
2003,1
3606,1
891,1
7113,1
3432,0
387,1
6828,1
8194,0
3309,1
6328,1
3901,1
4074,0
7821,1
48,0
4525,0
7740,1
3145,1
5775,0
6743,1
5923,0
5654,0
230,0
7631,1
968,0
5403,1
2732,0
8304,1
3248,0
6211,0
2180,0
485,0
7887,1
1007,0
1855,1
4875,0
6000,1
4879,1
515,1
5927,1
4765,1
1318,0
8411,0
2467,1
3086,0
6389,1
2675,1
8244,1
1515,0
2434,0
1359,1
412,1
7544,1
405,0
6018,1
978,0
6768,1
8305,1
7913,1
6518,0
5643,0
4347,1
5730,0
4629,1
4965,1
3294,0
224,0
5005,0
6784,1
2528,0
5464,1
835,0
4978,0
5995,0
3784,0
3430,0
4697,1
4983,1
5662,0
2612,0
3884,0
8009,1
934,1
6217,1
4263,0
4792,1
2772,1
3823,1
5487,1
6100,1
1786,0
3065,0
7990,1
257,1
6869,0
8662,1
73,0
1212,0
8668,1
6543,1
279,0
7879,0
2588,0
4242,1
8301,1
5502,1
1018,1
8489,1
6832,1
3079,0
7125,1
5698,1
2144,1
4160,0
8158,0
7659,1
3307,1
2871,1
5291,1
8521,1
1304,1
6857,0
3484,0
7169,1
2035,1
5374,1
3879,1
3135,0
8047,0
3099,1
2408,1
4508,1
5011,0
3978,1
2833,0
5171,1
7885,1
1190,0
8467,1
4840,1
6635,0
4413,1
3111,1
2394,1
3592,0
3286,0
294,0
1177,0
1049,1
3737,1
5745,1
5836,1
7002,0
5007,0
4374,1
5597,0
1936,1
8045,0
293,0
5216,0
4674,0
7445,0
4148,0
475,1
4677,0
2618,0
76,1
2143,0
355,0
3662,0
4982,0
4377,0
5925,1
6654,0
966,1
8293,0
7396,1
2340,0
1074,0
3878,1
797,0
7784,0
535,1
1718,1
7666,1
7160,1
5707,0
1848,1
3125,0
7865,1
5620,1
6519,1
3502,1
4163,1
1523,1
1671,1
607,0
3998,0
830,1
386,1
7086,0
6894,0
7010,1
6562,0
3337,0
4747,0
3615,1
5180,1
1323,1
7270,0
177,1
500,1
7992,0
7652,1
2564,0
6649,1
3673,0
2595,1
1253,0
3559,1
5219,0
4453,1
1025,0
621,1
170,0
7669,1
2708,0
7868,0
5633,0
6539,0
7561,1
5722,0
8527,1
7212,0
7290,0
4450,1
8090,0
1155,0
3459,1
1598,0
6242,1
2148,1
489,1
1842,1
1610,0
5824,1
5864,1
8592,0
6290,0
1255,0
5067,0
842,0
4407,1
146,1
4211,0
364,0
1827,1
1478,0
8382,0
580,1
6542,1
1756,0
2544,1
3578,1
4361,1
4781,1
644,0
1259,0
8288,1
6354,0
7722,0
3935,1
2916,1
3314,1
5121,1
7236,0
4155,1
8646,0
6154,1
698,1
5832,0
2047,0
1937,0
2865,0
8038,0
5192,1
1271,0
7097,1
7837,1
7285,0
6529,0
6574,1
4968,1
320,1
7675,0
3710,0
4631,1
7004,0
2169,1
8170,0
991,0
7022,0
2509,0
2910,1
7087,0
5705,0
6671,0
1617,0
7485,1
3293,0
6063,0
4534,1
7756,1
1916,1
1438,1
4396,1
4405,0
1716,0
6446,0
8500,0
1628,1
3134,0
3167,0
278,1
6076,1
4177,1
3436,0
6181,1
8046,1
3854,0
1096,1
2855,0
4473,1
5766,1
8223,0
161,1
2625,1
345,1
7969,0
8478,0
8439,0
4047,0
7890,1
4831,0
3212,1
3032,1
3161,0
4092,1
7034,1
981,0
1799,0
8583,1
5993,1
488,0
1220,1
7332,0
2830,0
2736,1
8176,1
4316,1
7234,0
5137,1
5916,1
1887,0
4175,1
6659,1
2226,0
3423,1
131,0
7951,1
7042,0
1452,0
3382,1
2944,0
2789,0
2846,1
5313,1
4775,0
5440,1
6132,0
7414,0
2172,0
3139,1
6191,1
1113,0
5471,1
4069,1
1471,0
3250,1
7640,1
5632,1
6757,0
3021,0
171,1
5795,1
8537,1
3955,0
4814,0
1158,1
8539,1
1737,0
3341,1
3076,1
3215,1
2748,0
6008,1
98,0
3986,0
4539,1
3408,1
142,1
5617,0
6942,0
3017,1
7804,0
1106,0
7476,1
7569,1
635,1
5579,1
4261,0
8208,1
1205,1
6321,1
4487,1
4538,1
6335,1
1854,1
8224,1
5612,0
5644,0
5470,0
6334,1
3822,1
2863,0
6928,0
4786,0
1423,0
11,1
1626,0
8339,1
6657,0
3479,0
826,0
8638,1
361,1
6332,0
8396,0
3656,1
2490,0
1089,1
4394,1
1102,0
917,1
3376,0
3596,1
7166,1
5014,1
7780,0
7436,1
1238,1
7403,0
2766,0
4402,0
129,1
563,0
7768,1
629,1
5950,1
1347,0
4088,1
6054,0
8131,1
5447,1
6726,1
6556,0
3890,0
2011,0
2297,0
4785,1
263,1
2222,0
5164,1
6467,0
5094,1
2985,1
7919,1
1358,0
8237,0
7085,0
6778,1
8159,0
3524,0
995,1
1870,0
3972,1
4491,1
2939,1
7716,0
5353,1
6492,0
2176,0
727,1
6941,0
2831,0
4653,1
8230,0
6629,0
6119,0
8169,1
7859,0
3827,0
6702,1
5874,0
7410,0
2058,0
78,1
153,0
6475,0
8336,1
1507,1
8602,0
5290,1
3365,1
2123,0
1807,0
6727,0
6340,0
7459,1
900,1
4606,0
2902,1
6421,1
3925,1
1293,0
8030,1
1533,0
6043,0
5712,0
7937,0
5354,0
6385,0
5336,1
8674,0
3905,1
1920,0
7627,1
4443,0
8312,1
4246,0
8167,0
4797,1
7304,0
7881,0
3210,1
4985,0
8403,0
4817,1
1217,1
1865,0
5890,1
4626,1
4934,1
8605,0
3722,1
3369,0
6004,1
3062,1
8100,0
7763,0
7117,1
6165,0
4399,1
8099,1
5682,1
1087,1
3092,0
1629,0
5738,1
1682,0
4083,1
5822,0
3708,0
3083,1
7962,0
4787,0
3985,1
3501,1
189,0
2978,0
7027,1
6083,0
2896,1
2285,0
3424,0
4178,1
1370,1
5215,0
5054,0
6029,1
5604,1
4565,0
373,0
6932,1
2668,1
5093,0
3256,1
8316,0
5508,0
8282,1
2951,0
8633,0
4906,0
8186,0
4271,1
5952,0
6327,1
4321,0
1719,1
3832,0
6175,0
2251,1
4993,1
5948,1
5580,1
1132,1
6134,1
3325,1
3185,1
4976,1
3483,1
5268,1
6803,0
7238,0
1593,1
6933,1
7199,1
6403,1
141,1
6044,0
8410,0
4045,1
6241,1
5943,1
3991,1
3891,1
7474,0
804,1
7587,1
3612,1
587,0
1112,1
8137,0
359,0
5477,1
7942,0
2109,0
2856,1
2570,0
3783,0
3853,1
8534,0
8625,1
8585,0
2742,0
883,1
6160,1
8603,1
8462,0
5427,1
7401,1
5686,1
377,0
8225,1
6363,0
680,0
2839,0
6294,0
7812,1
3283,0
1129,0
5006,1
3538,1
6311,1
8281,0
4867,1
2895,0
691,1
3338,0
7764,0
3500,1
255,1
5669,0
8493,1
1619,0
22,0
3193,0
1765,0
7707,0
2849,1
2377,1
3251,1
4930,1
4080,0
6883,1
3665,1
6067,0
6992,0
5656,1
8649,1
4841,1
588,1
2669,1
5366,0
1188,1
1913,0
4776,1
5755,1
4117,0
8115,0
2887,1
8492,0
1910,0
4695,0
1327,0
1275,0
1831,1
3121,1
46,0
2919,0
6345,0
3944,1
1285,0
4385,0
5791,0
1375,0
7293,0
329,0
165,0
1669,0
8372,1
457,1
3856,1
1704,1
4315,1
1317,1
8480,0
8290,0
5431,0
7738,0
2988,0
8421,0
8524,0
7217,1
8398,0
5653,0
4710,1
3046,1
7094,0
5040,1
7060,0
832,1
1992,0
6439,1
3306,0
2842,0
8526,0
7497,0
4771,0
5253,1
6441,1
2545,0
4192,0
1782,0
3348,1
4475,0
397,0
3490,0
2119,1
6224,1
5057,0
3519,1
4587,0
4477,0
1033,0
3400,1
382,0
6773,0
1501,0
6223,1
8406,1
5981,1
2002,1
1597,0
7862,0
5395,1
7352,1
1872,1
5875,0
4353,0
6628,1
8116,0
5167,0
1443,1
4091,1
1539,0
3840,1
1835,0
5530,1
7115,1
573,1
6912,0
5720,0
6936,0
8647,0
3674,0
7744,1
3447,1
8291,0
81,1
2353,1
4048,1
5370,0
3961,1
4507,1
6228,1
1589,1
4496,0
2847,0
4462,1
1036,0
4458,1
7968,1
7698,1
6081,1
7475,1
2927,1
7710,1
4033,1
1404,0
6602,0
220,0
6315,1
2639,0
433,0
1784,1
7903,0
3732,1
4341,1
8200,0
1991,0
3470,1
2884,0
7650,0
3567,0
4866,1
4689,1
8321,0
1165,1
4748,1
7303,0
6847,1
2406,0
6929,1
1506,1
322,0
7267,1
2650,0
2579,1
6945,0
3206,1
440,1
7792,0
6559,1
623,1
1847,1
2975,0
1315,0
5344,1
7053,1
2797,0
7858,1
2053,0
1141,0
657,0
7685,1
7135,1
5437,1
2539,0
45,1
6980,1
7350,1
2638,1
4872,1
8533,0
2883,0
8135,1
218,0
5565,0
352,0
7210,1
7351,1
6815,0
1319,1
7370,0
8258,1
3009,0
962,0
8381,0
3350,1
4511,0
6944,0
4378,0
2523,1
4479,1
3221,1
8013,1
6911,1
6299,0
7929,0
7398,0
2225,0
8054,0
1738,0
4977,1
5473,0
2964,0
7749,1
624,0
1670,1
5498,0
8240,1
1426,1
1483,0
5010,1
3534,1
2417,1
2321,1
1077,1
3975,1
5871,0
597,1
5103,0
4980,1
6166,0
1895,1
2240,1
2272,0
8562,0
1722,1
7700,0
6670,1
260,1
2905,0
4883,0
2571,1
2979,0
8363,0
5819,0
4604,0
2444,0
769,0
8109,1
4862,0
6812,1
4410,1
8433,0
821,0
7600,1
4488,0
444,0
7206,1
2248,0
3132,1
1376,0
8404,0
2904,0
1440,1
2307,0
5545,1
2562,1
1451,0
4583,1
2098,0
4323,0
7725,0
6490,0
4419,1
4005,0
3162,1
4644,1
5489,1
8414,0
5934,1
6723,0
2591,1
810,0
6906,1
8574,1
3415,1
8677,1
5486,1
8227,1
5713,1
2197,0
6634,0
5401,1
2231,0
7511,0
3666,1
5228,1
7188,0
2753,0
6220,1
477,1
6840,0
104,0
4442,0
8486,1
3460,1
3979,1
8057,1
6958,0
4075,0
1950,1
1196,0
4423,1
2294,0
1107,1
2870,1
6419,1
5584,0
2961,0
7842,1
5835,0
4046,1
454,0
8390,1
1469,0
3657,0
2561,1
3513,1
5023,1
5136,1
2392,1
2921,0
3912,1
6017,0
5801,1
1282,1
7192,1
5326,0
3319,1
1555,0
5671,0
306,1
631,0
4624,1
1708,1
4215,0
1134,1
6794,1
6805,1
2309,0
403,0
6956,0
2293,0
5412,1
7737,0
5904,0
1752,0
6715,1
117,0
8688,0
6568,1
5523,1
1609,1
3311,0
299,0
8141,0
8289,0
632,1
6325,1
7771,0
2470,0
2218,1
163,1
1557,1
1844,1
6506,0
7239,1
6284,1
2525,1
4661,0
6066,0
4143,0
5494,1
484,1
6802,0
1948,1
6390,0
2522,1
2584,0
6505,1
3803,1
3633,1
4465,0
332,0
1819,0
8296,1
2600,0
6507,1
6118,0
4312,1
6648,0
5951,1
7955,1
2691,1
8292,1
3176,0
6194,1
1581,0
4716,0
3602,1
6843,0
1136,0
7499,1
2519,1
1211,0
6208,0
6330,1
8622,1
476,1
2277,1
7752,1
37,0
9,1
471,1
6391,1
2929,1
7861,0
2358,0
3700,1
1197,0
7559,1
4137,0
1035,0
2620,0
3465,0
8160,0
2699,0
4284,0
8334,0
6838,0
8165,0
5419,1
6523,1
3029,0
6429,0
2874,1
8174,1
4482,1
5222,1
3469,1
3085,1
6564,0
4984,1
8134,0
7118,0
7880,0
6495,1
7484,0
8077,1
1349,1
7560,0
2654,0
384,1
1062,1
7514,0
8330,1
5959,1
5124,1
6464,0
1859,1
3898,0
6795,0
5853,1
7987,0
5245,1
512,1
6888,0
945,1
4238,1
922,0
5776,0
2900,0
1860,0
7007,1
5615,1
5664,0
4911,0
7872,1
7637,0
930,0
5051,1
8033,1
8023,0
6851,1
5017,1
8670,1
6068,1
5112,0
1962,0
6668,1
1193,0
6145,1
2943,1
6550,0
7769,1
349,0
7518,1
2485,0
1824,0
5980,1
2661,1
8666,1
5702,1
3455,1
6952,0
2573,0
4986,1
4448,1
4917,0
1931,1
3661,1
4522,1
4149,0
5439,0
952,0
2050,0
6470,1
6151,1
8299,1
8600,0
973,0
915,1
733,1
2843,1
3308,0
3552,0
4580,0
13,0
8342,0
7857,1
6748,0
7406,0
407,0
3275,1
7017,1
259,0
324,1
564,0
1152,1
4030,0
8653,1
4533,1
240,1
526,0
807,1
8149,1
1596,1
8264,0
3439,0
6587,1
7037,1
4493,0
682,1
527,1
8597,0
4444,1
8385,0
2178,1
5731,1
5277,1
5450,1
8457,1
3333,1
3734,0
1399,0
8596,1
3864,0
5711,1
4433,0
8041,1
2213,0
5349,1
4663,0
5162,1
3877,1
1622,1
3070,1
2596,0
3987,1
2435,1
7635,1
7223,1
643,0
2889,1
7416,1
3322,1
8497,1
4935,1
895,1
4569,0
2934,1
2076,0
7775,1
1562,0
409,1
2382,0
69,0
31,0
6219,0
3885,1
1360,0
3667,1
6745,0
2689,0
8645,0
1239,0
1251,0
6675,0
3093,1
6369,1
4032,1
7751,1
6302,0
4156,1
2369,1
414,1
8089,0
6606,1
6684,1
5548,0
3081,1
7619,0
1803,0
3543,0
6371,1
7168,1
6047,0
6082,0
3235,0
8520,0
7512,0
1221,0
4558,1
4857,1
8207,0
3566,1
1099,0
2162,1
8680,1
6372,1
2078,0
6711,1
5585,1
1261,0
5892,0
6016,0
697,1
4182,0
8690,1
6755,0
771,1
6435,1
7378,0
5774,0
8166,1
3528,0
7383,1
2354,0
5405,1
8401,0
5908,0
5047,1
2274,0
2786,1
3401,1
7708,0
7510,1
3247,0
7555,0
7818,0
302,0
6873,0
6375,0
7690,0
2799,0
438,1
4380,0
6902,0
1064,1
7952,0
7957,0
958,1
1888,1
7147,0
7736,0
7373,0
6059,1
3394,1
4753,1
8062,0
4586,1
1433,1
6733,1
2425,0
8239,0
724,0
6741,0
1907,1
8613,0
7331,1
2246,1
2567,0
899,1
6825,1
3655,0
1513,0
2187,1
4878,0
6398,0
6046,1
5261,1
6323,1
5191,0
5139,1
6633,0
7595,1
856,0
5942,1
2198,1
7915,1
2374,1
3391,1
6661,1
3797,1
1625,0
8471,0
7667,0
5298,0
4429,0
1903,1
3684,1
5018,1
3389,1
7340,0
6947,0
4179,0
1657,0
2894,0
87,1
3214,0
5715,1
8335,1
6544,0
1898,0
2520,1
5493,0
2330,1
3217,0
4073,1
1043,1
7014,0
8606,1
7947,1
2054,1
5243,1
3723,0
7377,1
6203,1
4327,0
1993,0
2773,0
2320,0
4114,0
92,1
8094,1
1565,0
7252,0
4793,1
783,1
436,0
7612,0
7778,1
6086,0
984,0
1693,0
4795,1
3802,1
3672,0
3030,1
6331,0
173,0
7409,1
4165,1
2322,0
6488,0
6636,0
1092,0
6399,1
1002,1
5490,0
6752,0
6245,0
5073,1
1893,1
6713,0
4288,1
7472,0
6557,1
4082,0
7237,0
8049,0
8634,1
6463,0
4704,0
319,0
5898,0
2924,1
3654,1
3096,1
7839,0
4600,0
1968,0
1638,1
1340,0
7177,1
2439,1
6955,0
8082,1
7421,0
7584,0
5324,1
1439,1
6142,1
2515,1
4180,1
7184,0
8356,0
3170,0
3330,0
1174,1
4212,1
550,0
1159,1
7294,0
2823,0
2096,1
3810,1
2099,0
7811,0
4730,0
6641,0
2854,1
6995,1
4062,1
4000,1
4947,0
5188,1
4105,1
3645,0
3858,1
4057,1
4467,0
2407,0
6656,0
2472,0
2810,1
6240,1
562,0
5325,0
2568,0
3443,0
6231,0
3728,1
492,0
7567,0
3437,0
5929,1
7696,0
6592,1
8669,1
4174,0
2059,1
4755,0
5077,1
4758,0
8184,0
8122,1
750,0
989,0
7065,0
8664,1
2157,0
6273,1
1044,1
575,0
2599,1
7469,1
8101,0
2087,0
4098,1
7337,1
925,1
6697,0
3643,1
3057,0
7359,0
6158,0
7367,0
5317,1
3255,1
6909,1
5079,0
2730,1
2824,1
6834,1
1187,0
3254,1
8319,0
3410,1
3404,1
1690,0
6392,0
3583,1
3368,1
166,1
4602,0
2074,0
5562,1
4726,1
7016,1
5988,0
4941,0
8630,1
6270,0
158,1
5392,0
1331,0
3785,1
8502,1
3223,1
85,0
3449,1
7621,1
3312,1
1052,1
2613,0
7090,1
7819,0
7597,1
7251,0
385,1
802,1
1389,1
1496,1
1817,0
1333,0
6915,0
4185,0
1228,1
7062,1
4969,0
2925,1
954,0
3374,1
4995,1
1820,0
5696,1
7670,0
5790,0
1997,0
1772,0
5333,1
2767,1
8449,1
4305,1
7479,1
5779,0
8506,0
4523,1
3983,0
6382,1
5870,0
2014,1
6381,1
4813,1
4562,1
7676,1
3284,1
6197,0
1286,1
7761,0
1939,1
1416,0
860,0
7726,0
7018,1
1405,0
93,1
5272,1
6664,0
4320,0
4041,1
8684,1
4757,0
1379,1
8590,1
5423,1
6854,0
3671,0
4833,1
1110,1
398,0
1951,0
6482,1
8118,0
5418,0
1960,0
8205,1
2211,0
8294,1
559,0
3045,1
6660,1
5600,1
5135,1
7515,0
7846,1
5195,1
3900,1
7324,1
79,1
1368,0
8474,0
678,1
775,1
4712,0
6123,1
2998,0
537,1
1874,1
7570,0
2373,1
5480,0
6822,1
1689,0
5294,0
7589,0
3744,1
6301,1
1186,0
8350,1
2741,0
7946,1
2713,1
6413,0
6841,0
2521,1
560,1
709,0
7806,0
2721,1
1027,1
5901,1
7632,0
6206,0
6454,0
5852,0
670,0
2166,0
5380,0
8575,1
1601,1
1963,0
5797,1
6520,1
926,0
4568,1
7639,0
7480,0
6964,1
770,0
5120,1
7458,1
8464,0
7717,0
5199,1
533,0
7705,0
4702,0
3339,1
7777,0
7143,1
4659,0
7057,0
2329,0
2489,0
5107,0
6190,1
7734,1
1530,1
8472,1
1856,0
3886,1
638,0
5718,1
4557,1
394,1
7616,1
6771,1
3367,1
8202,0
1635,1
6295,1
3531,1
6718,0
6422,1
2365,0
1532,1
1892,1
5700,1
2501,1
6893,1
8175,0
6572,1
3535,1
7832,0
7643,1
780,1
6765,0
1573,0
258,1
6014,1
7902,0
943,0
5803,1
4252,1
7036,0
3373,0
3939,0
1630,1
456,1
707,0
2232,0
5625,1
7258,1
6882,1
1178,0
1906,0
7448,1
4497,0
5961,0
2891,1
4563,0
6442,1
4898,0
7994,1
4307,1
7189,0
8512,0
3090,0
696,1
2483,1
5546,1
4039,1
7795,1
1131,1
4280,1
2015,0
2281,0
766,1
1009,0
3366,0
2361,0
693,0
6669,0
8187,0
6703,1
903,1
993,1
7291,0
3928,1
8206,1
2530,1
6646,0
7925,1
5391,0
8604,0
703,0
6662,0
5116,1
3887,1
6839,0
1305,1
7278,1
8120,1
7693,1
6856,1
8359,0
8130,0
3485,1
1130,1
5524,0
2405,1
3790,1
749,0
458,1
3231,1
72,1
3183,0
5309,0
6842,1
3637,1
673,1
776,0
8179,1
4955,1
8242,1
3609,1
6238,1
2702,0
3054,1
4897,0
8656,1
3874,0
8327,1
422,0
2038,0
7233,1
1083,0
4157,1
5809,0
1473,0
1235,1
5452,1
368,0
2473,1
3525,0
7124,0
896,0
241,0
1425,0
4230,1
80,0
7415,0
5889,0
6239,0
5885,0
6346,0
3721,0
3816,0
2822,0
1969,0
7833,0
4577,0
7473,1
4838,1
7582,0
4916,1
8581,0
4810,1
6532,1
4613,1
1278,1
7695,1
1459,0
950,0
3779,1
5371,1
4915,1
7320,1
7802,0
5283,1
2375,1
5201,1
3865,0
7500,1
2632,1
3165,1
8373,0
4616,1
7287,0
7126,1
3585,1
8551,1
6055,1
7226,0
5338,1
1361,0
4226,1
3799,0
3302,1
4466,0
2255,0
3933,1
3787,1
6561,1
2223,1
1313,0
729,0
868,1
7747,1
881,0
3411,0
3692,1
1000,1
2879,1
1783,1
3416,1
4257,1
3148,0
3036,0
4403,0
7684,0
3818,0
7673,1
2116,1
1332,0
4135,1
7434,0
6109,0
1014,1
6811,1
6148,0
4446,1
4610,1
2182,0
767,0
4899,1
4591,1
2273,1
7326,0
1006,1
6551,1
953,1
6456,1
379,0
2308,0
4784,1
2996,1
2507,0
5279,0
6705,0
411,1
4880,1
2451,0
1289,0
3180,1
4218,1
447,0
1974,0
8040,0
7805,1
6186,0
3174,1
5205,0
5695,1
5526,0
1268,0
6835,0
6616,1
339,1
1627,0
4116,0
2540,0
51,1
998,0
7078,1
937,0
6731,0
1422,1
7668,1
3129,0
3237,0
6210,0
2230,0
8313,1
6515,0
6732,0
3872,0
7503,1
4853,1
4931,1
3730,0
918,1
4892,0
122,1
4197,1
4966,1
7494,0
5087,0
6481,0
7240,1
2359,1
2338,1
5957,1
7674,0
2845,1
4742,0
1183,1
154,0
4237,0
1029,1
1734,0
487,1
1232,1
3663,0
4486,1
5254,1
5482,1
5805,0
4279,1
6138,0
6187,0
1996,0
1582,0
7129,1
5978,1
2906,0
8479,0
648,0
4924,1
2629,1
5002,0
3200,1
1489,0
2263,1
3664,1
5992,1
4517,1
3022,1
388,1
920,0
5020,1
4796,0
967,0
3077,1
5531,1
3007,0
2452,0
6150,0
1684,0
7944,1
3224,0
3911,1
566,0
999,1
1164,0
3963,0
7120,1
2643,1
8689,0
7344,0
1470,0
2967,0
2683,0
4159,0
8069,0
4760,0
8578,1
1450,0
4460,1
1168,1
5262,1
3499,0
6530,0
5225,0
561,0
3000,0
970,1
7810,1
2541,0
3344,0
34,1
6972,0
7964,1
2711,0
1477,1
6967,1
8193,0
209,0
8164,0
5365,0
3517,0
49,0
2537,1
3981,0
6517,1
6115,1
8507,0
6450,1
1521,0
8145,0
935,0
133,1
5897,0
3359,1
2932,0
5009,1
3762,1
1209,0
2980,0
6993,1
3910,1
7755,1
401,0
1821,0
2037,0
3298,1
7895,1
3941,1
7311,0
700,0
6827,1
7933,0
3028,1
2009,0
6632,1
4801,1
3169,1
1702,0
3457,1
7971,0
2938,0
3050,0
6598,0
7646,0
3807,0
4946,0
5737,0
3953,1
3938,0
5485,1
2657,0
3100,0
3402,0
8564,0
5808,0
5301,1
378,1
1520,0
8002,1
1864,0
3620,0
2138,0
815,0
5475,0
7315,0
5276,0
7897,0
712,0
6060,1
811,0
5574,1
8394,1
5694,0
1175,1
3273,1
6708,1
785,1
5255,1
5813,1
1267,1
1476,0
5690,1
3466,1
5683,1
7055,0
7854,0
2738,0
1392,0
4939,0
2712,0
6875,1
3059,1
3507,0
6415,0
5138,0
755,0
3352,1
2917,0
4682,0
8366,1
4954,0
89,0
1793,0
8397,0
6588,1
1498,0
7099,1
3962,1
3128,1
6077,0
786,0
8681,1
1032,0
2117,1
2346,1
4901,1
6410,0
931,0
2276,0
653,1
738,1
7460,1
777,0
3546,0
519,0
2935,1
3297,1
4100,1
1336,1
8652,1
4330,1
3701,1
418,1
1137,0
4839,0
8146,0
8337,0
2984,0
1166,0
6605,1
1252,1
8345,0
1769,1
2793,1
4198,0
1316,0
5751,1
3560,0
3351,1
4140,1
6227,1
7076,1
3232,1
1301,1
7712,1
7134,0
8598,1
5578,1
4627,1
338,0
2941,1
2428,1
4427,0
902,0
4952,0
6357,1
6101,0
7243,1
3056,1
4303,0
4592,0
751,0
2583,0
7626,1
1966,1
2208,1
1145,1
346,1
5223,1
565,0
6141,0
30,0
5793,0
5670,1
661,1
6021,0
4922,0
1633,1
6061,1
4979,1
737,1
4963,1
3371,1
4564,0
5972,1
7156,1
6096,1
439,0
144,0
959,0
7883,0
1834,1
5549,1
1762,1
3229,1
5287,0
115,1
7419,0
29,0
2723,1
200,0
351,1
4555,1
1569,0
6106,1
4971,1
4170,1
8483,1
68,0
6478,1
4388,0
5750,0
3653,0
6764,1
5425,1
7905,1
6468,0
4731,0
8029,1
5865,1
7158,1
5914,0
8455,0
406,0
4745,0
6799,0
5891,1
5013,1
6754,1
1038,0
660,1
4961,0
442,1
2030,0
4907,1
6178,0
1162,1
2224,1
1675,1
829,0
5560,0
1224,0
4365,1
4004,0
676,1
59,1
8687,1
244,1
7681,1
5725,0
3756,0
3179,1
681,0
7517,1
330,1
1149,1
7109,0
4962,1
4632,0
7277,0
4058,1
8257,0
5008,0
6524,1
3159,0
6920,0
2229,1
6207,1
2028,1
4020,1
7563,0
5163,1
1944,0
4229,0
3409,0
2948,0
796,0
1306,1
5830,1
1391,0
8204,0
3435,0
1296,1
4194,0
4494,1
3808,1
4210,1
1250,1
8488,0
5736,1
3571,0
5012,0
472,1
1028,0
5675,0
6376,0
8555,0
6135,1
5177,0
1097,1
1724,0
3115,1
2201,1
5239,1
3118,1
2432,1
6604,1
2857,0
7342,0
3287,1
5602,0
7372,1
5240,0
4417,0
7218,0
1140,0
3844,1
6087,1
5038,0
2067,1
2160,0
1088,1
4422,0
5842,0
7728,0
602,1
5362,0
5211,1
2775,0
4364,1
6173,0
6710,1
5529,1
6618,1
6089,1
5270,0
5968,1
480,0
1502,1
5187,1
4637,1
7855,0
7496,1
3869,1
4873,0
6012,0
5495,1
3354,0
7796,0
1008,0
300,1
348,0
7305,1
1730,0
5098,1
2137,0
2679,1
6996,1
3324,0
1978,1
2495,1
2267,1
1434,1
3027,1
6370,1
6700,0
8619,0
4474,1
8067,0
3826,0
2673,0
3951,1
4824,1
4767,1
7593,0
1915,0
8243,0
2084,1
8277,1
3575,1
5608,1
5559,0
3480,1
1413,0
7061,0
8629,1
7412,0
7354,0
2241,0
3049,1
4561,0
2042,0
2864,1
1288,0
4022,1
1109,1
3924,1
3320,0
6951,0
2593,0
7906,0
5462,1
7216,0
1528,1
4254,0
284,1
7131,0
5768,1
8667,1
1527,0
3290,0
7701,1
1833,1
2400,0
1446,1
4584,0
2127,0
2497,0
2460,0
8226,0
4804,1
2506,0
2947,0
7035,0
4251,0
184,1
3861,0
4918,1
3793,1
7152,0
2457,0
7364,1
7770,0
4118,0
3467,0
8572,0
6129,1
6024,0
1030,0
4822,1
211,1
6164,0
5168,1
5979,1
5106,0
6597,0
7521,1
6593,0
3946,1
1330,1
3055,0
4485,1
3720,1
1952,1
4837,1
1167,1
4723,0
3166,0
5806,0
7197,1
4367,0
1100,1
1982,1
965,0
7079,0
334,1
3954,1
5126,0
2739,0
8663,1
1324,1
4351,0
3919,0
8059,0
1415,0
3155,0
1078,0
1171,1
1729,0
5218,0
717,1
2284,0
6131,0
1770,1
178,1
100,0
6818,1
6130,0
3153,1
4701,1
6750,1
1123,0
482,1
4028,1
5505,1
280,0
5528,1
2389,1
4611,1
3845,1
7901,1
3698,1
4688,0
1453,1
4331,1
7552,0
7059,0
1516,1
4376,0
328,1
2942,0
1891,0
5350,1
1508,0
7046,1
8347,1
7390,1
6300,1
659,0
6502,0
6640,1
5958,0
6546,1
501,1
4541,0
3617,1
8450,1
106,1
1947,0
5955,0
8570,1
1553,0
6749,0
5104,0
8586,0
4189,0
3851,0
5966,0
6251,1
3889,1
2195,0
6473,1
4790,1
908,0
7265,0
3508,1
1475,0
4706,1
946,1
4905,1
2069,1
3234,1
2974,1
3740,1
5765,1
546,1
4956,1
2026,1
4457,0
8026,0
4273,1
3749,1
6965,1
8212,1
8051,0
7546,1
446,1
1697,0
5538,0
2535,1
1034,1
6269,0
2313,1
1431,0
2436,1
3509,0
3264,0
1031,1
2302,1
5442,1
5944,1
5258,0
5055,0
3603,0
2194,0
5817,0
7486,1
7741,0
2305,0
1428,0
2443,0
5509,1
5540,0
6576,1
8399,0
8275,0
253,1
5571,0
5460,0
606,0
6099,0
479,0
3242,1
8609,0
1414,0
6714,1
5507,1
1230,1
1222,1
1338,0
6259,1
6695,0
8618,1
4393,1
5319,1
2696,1
3505,0
8173,0
7246,0
5288,1
7801,0
1759,1
7787,0
5358,0
586,0
7411,1
4110,1
1219,0
1540,1
585,1
5810,1
3598,1
1189,0
5402,1
7283,1
2992,0
5327,1
363,0
8071,1
5868,0
4012,0
6545,1
4923,1
8473,0
6779,0
8065,0
6133,1
992,1
2798,0
7321,0
1480,1
6735,0
8300,0
4552,0
5343,1
5931,1
534,1
5299,0
7938,0
5131,0
6503,0
4825,1
6611,1
4582,0
3278,1
2362,0
3576,1
5504,0
315,1
277,0
4077,1
2005,1
7005,0
5053,0
8249,0
6725,1
6991,1
3468,0
4950,1
3014,0
5525,0
2995,0
1661,1
5123,0
2372,1
2809,1
7418,0
2111,1
6030,0
3751,0
2279,0
7719,0
3550,1
3006,1
7089,1
6143,0
2800,0
4239,1
5269,0
265,1
825,0
8380,1
3830,0
6885,1
869,1
576,1
6836,0
6563,1
8616,1
168,0
1004,0
3529,0
4849,0
2440,0
761,1
7271,0
2582,0
2727,1
2351,1
7591,0
2145,0
1558,0
4998,1
7625,0
7288,1
8538,1
3561,0
2646,0
6896,1
3760,0
2325,1
5292,0
6871,0
5667,0
4560,1
4651,1
1912,1
7800,0
5746,1
6474,0
4181,1
6249,1
7551,1
2378,1
1265,0
6452,0
2981,1
1055,0
710,0
3158,0
1343,1
5359,1
424,1
5876,0
558,1
2183,1
7704,1
7198,0
4762,0
3882,0
4201,0
3349,0
6976,1
4614,1
3510,1
2836,0
7838,0
7974,1
7558,1
287,1
3613,0
3801,0
6829,1
6438,0
2342,1
7487,1
5368,0
8177,1
6412,0
3769,1
8014,0
1329,0
4408,0
5364,1
7820,1
994,1
2424,1
976,1
4680,0
2404,1
5143,0
82,1
7312,1
6693,0
15,0
4504,0
5757,0
528,1
6903,0
6806,0
4612,0
3448,1
3048,1
7205,1
3136,1
6569,1
655,0
8378,0
8314,0
7507,0
2355,1
1509,0
2908,1
2782,1
7336,0
1647,1
7272,1
6057,1
3610,0
1430,0
7979,1
5860,0
2357,0
2062,0
2245,1
5031,0
1297,0
3736,1
2077,0
7185,0
498,1
4262,0
3332,0
6975,0
5436,1
7981,1
7791,0
6788,0
2529,0
4812,0
5147,1
551,1
282,1
4548,1
539,1
3001,0
2686,0
1344,1
6603,1
2271,1
5940,0
2672,0
7286,0
2656,0
1740,1
1967,1
872,0
7144,0
7215,0
2815,0
7599,0
6521,0
7735,0
8043,1
5850,1
720,0
6157,0
5606,0
3219,0
6233,1
3035,0
5550,1
2125,1
3331,1
4161,0
8529,0
7015,1
3641,1
6867,1
7746,1
4225,1
1258,1
705,0
8050,1
509,0
6721,1
2848,1
2257,1
167,0
1454,1
1056,0
7824,0
622,1
8000,1
6594,0
7543,1
6317,0
3181,1
3140,1
4223,1
4884,1
2597,1
6974,0
5894,1
6939,1
2999,0
2179,0
8547,0
3739,0
8475,0
4515,1
4035,1
86,1
6800,1
331,0
6184,0
8389,0
8532,0
1899,0
5646,0
7393,0
3433,1
2834,0
2676,0
6813,0
8234,1
4188,1
5969,1
3775,1
6111,1
8563,0
7815,0
6677,1
716,0
5091,1
5845,1
5535,1
4869,1
3238,0
2135,0
1600,1
4213,0
8287,0
16,0
3112,1
5679,0
5376,0
5213,1
3074,1
789,0
2022,1
4910,1
2090,0
748,0
4431,1
6983,1
8446,1
854,0
6393,1
6170,0
2204,1
1016,0
7498,0
4009,0
1946,1
2122,1
7186,0
5454,1
7466,0
1668,1
3587,1
4481,1
2017,0
5185,0
2500,0
408,1
7536,1
8060,1
4360,0
7688,0
7932,1
2149,0
4024,0
3123,0
7413,0
8528,0
7482,0
8117,0
4049,1
191,0
5678,1
4588,1
5194,0
5315,1
5378,1
8222,0
6766,0
5244,0
5259,1
5184,1
1462,1
5066,1
7360,0
3122,0
2189,0
8285,1
1673,0
600,0
308,0
521,0
1880,1
1485,1
5260,0
4248,0
5386,0
1922,0
5909,1
7739,1
2437,1
3488,1
846,1
7980,0
6038,1
5907,0
5257,1
3681,0
7757,1
5248,1
6935,1
6287,1
3041,0
6432,1
3340,0
4050,0
3084,1
5922,0
5478,1
7973,0
4037,0
5179,0
6753,0
6383,1
5539,1
4808,1
2572,0
5685,1
7058,0
4863,1
3841,0
3071,0
415,1
2752,0
4306,1
6237,1
5183,0
5536,0
663,0
6112,0
5151,1
2130,0
5388,0
3792,0
5592,0
6001,1
6738,1
7139,1
8219,0
4064,0
4783,1
3160,1
1419,1
3689,1
6891,1
640,0
5302,0
7949,1
309,0
3151,1
8499,1
1970,0
1560,1
6607,1
4764,0
3168,1
3220,1
7878,0
6699,1
1213,1
6023,1
1577,0
7781,1
2287,1
7939,1
3114,0
5841,1
7052,0
7003,0
616,1
3038,1
8556,0
6686,0
7346,1
6638,0
6578,1
4571,1
1575,1
1531,1
6879,1
5220,1
6971,1
4620,0
8004,0
1274,0
7653,0
7844,1
3361,1
5767,0
3108,1
7873,1
7748,0
3820,0
3326,1
3261,0
7095,1
2878,1
2920,0
1564,0
1733,0
8019,1
3616,1
4575,0
1400,1
2438,1
212,1
374,0
99,0
7524,1
5856,0
1728,0
4154,1
2511,0
888,0
2505,0
2247,1
4780,1
3759,0
7318,0
5088,0
5657,0
7586,0
5111,0
7397,1
7611,0
6192,0
2186,0
4860,0
83,1
997,0
6313,0
806,0
1543,0
6720,0
256,1
7827,1
8331,1
4266,1
3825,1
1646,1
4936,1
1739,1
2459,0
305,1
3245,0
2802,1
951,1
5627,1
4933,0
5614,0
6280,0
5096,0
2454,0
1510,0
335,0
5802,1
1223,1
1611,0
6917,0
4437,0
5855,1
4684,1
3863,1
8310,1
3696,1
7896,0
7613,1
6663,1
3003,0
7347,0
5659,1
2709,1
4903,1
145,1
3765,0
4260,0
4127,0
8183,0
7214,0
6036,0
6862,0
6183,1
4234,0
3796,0
3927,0
8392,0
441,0
8297,0
7173,0
6015,0
4668,1
6378,0
3512,1
3782,0
7405,0
7093,1
1524,0
8589,1
356,1
8352,1
1878,0
2972,1
4227,0
6609,0
7098,0
1066,1
6075,0
5652,1
1352,1
3774,1
6306,1
6645,1
2518,1
3691,0
4319,0
647,0
5034,0
1725,0
839,1
4803,0
428,1
8615,1
8412,1
5735,1
7519,0
4531,1
5984,0
6622,0
6922,0
6960,1
6062,1
3253,0
1080,0
3203,1
5804,1
7886,0
734,0
6011,1
3044,0
5150,0
6886,0
1348,1
2445,0
7369,0
4622,1
5331,1
1649,0
7187,1
5360,1
313,1
2835,0
6437,1
1407,1
4401,1
7220,1
2393,1
6949,1
2075,1
5203,1
5086,1
6962,0
2262,1
1791,0
8516,0
3614,1
6105,1
7142,0
877,1
4044,0
7808,0
6234,0
2649,0
392,1
6855,1
1663,0
8365,0
5300,0
4499,0
6769,1
3462,1
3581,0
2286,0
7453,0
1050,1
5457,0
7203,0
610,1
7663,1
4112,0
7153,0
1616,0
7605,1
3094,1
4344,1
7610,0
1280,1
2020,1
7063,0
452,0
5847,1
524,1
8070,0
4990,0
7554,0
7374,1
6969,0
912,0
8286,1
1851,1
367,0
4464,1
3442,0
7194,0
1084,0
128,0
6808,1
6898,1
1203,1
2344,1
3144,1
3452,0
2745,1
4136,0
4128,0
5594,1
5563,0
1808,0
1225,0
67,0
754,0
2399,0
4992,0
7644,1
4652,1
1696,0
6707,0
2516,0
2402,0
5306,0
4363,1
5873,0
3682,0
6866,1
5160,0
6006,1
2496,0
2913,0
6395,1
5628,1
7661,0
834,1
8644,0
7155,0
7699,1
6643,1
1747,0
4404,1
3520,1
8074,0
7729,0
5474,1
4593,1
6316,1
7773,1
594,1
4204,1
7912,1
3530,1
7617,0
3565,1
1284,0
6235,1
8172,0
6417,1
8427,0
3493,0
1890,0
1067,1
2298,0
4142,1
7687,1
1339,0
4799,0
3397,0
7306,1
148,0
3541,0
7008,1
3876,0
8459,0
7869,0
2132,0
3537,1
8021,0
3798,0
7438,0
5065,0
1536,1
3318,0
977,1
8250,1
5396,0
8369,0
5387,0
7091,0
7645,1
5556,0
5329,1
2387,1
3922,0
1295,0
2493,1
3921,0
7509,1
1908,1
381,1
3644,0
247,1
8661,0
2165,0
1576,0
7316,0
579,0
2370,0
6940,1
5394,1
7934,0
3781,1
4053,0
2841,1
1512,1
4232,1
6320,1
8408,1
8343,0
6525,1
928,0
7292,1
4625,1
988,1
5483,0
6534,1
6264,0
3060,1
2776,1
7956,0
2715,0
8435,1
5,1
1322,0
1818,0
4452,1
2034,1
7020,1
540,1
3707,0
7266,0
5134,0
3175,1
3281,1
4060,1
4184,0
6849,1
2589,0
5414,1
6121,0
2021,1
1955,0
7965,1
5408,0
6533,1
3976,1
706,1
4732,1
4685,1
1883,1
897,0
6367,1
7894,0
1307,0
5975,0
156,1
1163,0
3020,0
667,1
8513,1
2347,1
2825,0
5285,0
7154,0
7295,0
2388,0
6257,1
4828,1
5884,1
944,0
4900,1
3288,0
3540,1
2737,1
61,1
6266,1
8405,0
7328,0
6379,0
8086,1
6824,0
3091,1
4691,1
614,1
5681,1
5001,1
1853,1
4893,0
8355,1
7084,0
4737,1
2578,1
3725,0
1677,0
2726,0
6247,0
5059,0
5015,0
5568,1
353,0
800,0
5839,0
372,0
7960,1
2704,0
4925,1
2242,0
8333,1
5532,1
5714,0
6404,0
4281,0
3025,1
1879,0
853,0
2899,1
2227,1
3451,0
4576,0
1938,0
2237,0
2671,1
3270,0
8093,1
96,1
3795,0
7047,0
7178,1
7319,0
3949,0
5846,1
119,0
986,1
3204,0
4355,1
5117,0
6430,1
5807,1
3648,0
5599,1
4382,0
4038,1
6146,1
5209,0
4183,0
6610,0
7075,1
6823,0
4001,1
1441,1
8569,1
5607,0
662,0
3150,0
3549,0
6252,1
8124,1
8511,1
8216,1
8536,0
8494,1
1526,1
7179,1
4945,1
5022,1
8295,1
5102,1
7371,1
5919,0
1551,1
6050,0
3089,1
3506,1
3152,0
2093,1
1464,1
6051,0
6098,0
1755,0
4559,1
4681,0
1935,0
42,0
4973,0
297,1
1075,1
3738,0
7501,0
3958,1
5176,1
2872,0
2292,0
8103,1
3973,1
8195,0
3087,0
7528,1
7424,0
6444,0
1447,1
3303,0
7660,1
8612,0
949,0
2006,1
3634,1
2207,1
1591,0
4735,1
3658,0
3116,1
2118,1
1873,0
8203,0
669,1
8496,0
3516,0
4740,1
5610,1
174,0
5636,1
687,0
980,1
5404,1
2216,1
2510,0
4746,1
4164,1
4759,0
7614,0
1529,1
904,0
5377,0
2086,0
5027,0
8428,1
5511,1
2615,1
2774,0
2862,1
1160,1
2585,0
7516,0
4258,1
2202,1
1133,0
3627,0
7579,1
4608,0
2760,1
8162,1
3966,1
3207,1
1403,1
8272,1
7100,0
7335,0
3107,0
6623,1
7121,1
4851,0
266,1
5996,0
2635,0
3101,1
2641,1
1816,0
6027,1
637,1
4216,1
1277,0
7607,0
1757,0
3604,1
2068,1
112,1
2617,1
6876,1
8198,1
5085,1
685,0
4036,0
5155,0
5831,1
6451,1
3024,1
6982,0
4200,0
5311,1
6358,0
6689,0
3580,1
753,1
3061,1
5723,1
3274,1
58,1
7683,1
5691,0
254,1
1118,1
5468,0
2083,1
5680,1
6934,0
6510,0
5304,0
6892,1
1780,1
5263,1
702,0
4573,1
7889,0
772,0
7638,0
3026,1
3399,0
6286,1
3687,1
8042,0
4865,0
618,1
8611,1
97,0
2566,1
6431,1
3718,0
5986,0
4439,1
1308,1
649,0
875,1
1157,0
7495,0
4372,1
1244,0
3974,0
4324,0
4153,0
7662,1
4761,0
3813,1
5251,1
264,1
3640,0
5207,0
3239,0
6785,0
2970,1
2455,1
3544,0
5153,1
1987,0
192,0
4195,1
5906,0
1264,0
2701,0
6810,0
5046,1
2147,0
8102,0
4332,0
421,1
7211,1
5781,1
1841,1
2108,1
2598,1
7490,1
3428,1
7375,0
570,1
303,1
8659,0
4221,0
55,0
2315,0
5083,0
2993,1
6897,1
4359,0
2029,0
2350,0
6366,1
4071,1
2173,0
1382,1
7513,1
3584,1
1664,0
197,1
1345,1
8138,0
8210,0
6988,0
5926,1
7317,0
7592,1
3390,1
1076,1
6079,0
2517,0
1659,1
1001,1
5429,1
504,1
7679,1
2426,0
2660,0
1620,0
7658,1
4370,1
5780,1
8361,1
3819,0
4389,1
5971,0
2790,0
3164,1
3996,0
6959,0
5740,0
8620,1
1775,1
6341,1
1559,0
4310,0
4725,0
7565,1
7385,0
5974,0
7019,1
7000,0
4642,1
3679,0
4249,0
7996,1
1881,0
4362,1
7028,0
7442,1
969,1
8028,1
5118,0
8561,1
5428,0
7547,0
2526,1
3625,1
3304,0
7759,1
7280,0
6580,1
5639,0
1723,0
5231,0
2040,0
8324,1
1468,1
5697,0
3120,0
1505,1
5339,1
337,1
3750,1
5854,1
3141,1
538,0
325,0
5771,1
3133,0
2482,0
7702,0
91,0
1237,0
6,1
4104,1
1843,0
5537,0
8012,0
1812,0
6292,1
7345,0
8543,0
6511,0
3597,0
2433,0
8584,1
3518,1
7860,1
1700,0
2609,1
6528,1
3282,1
577,1
3202,0
4193,0
6298,1
6168,1
1745,1
4673,0
6308,1
5543,1
731,0
2206,1
1809,1
3766,0
4008,1
4078,0
6624,0
2167,0
7229,0
595,0
4530,0
4623,1
4299,1
137,1
7961,1
1172,1
118,1
2190,1
1574,0
7470,1
3806,0
5613,1
3243,1
3347,1
6185,1
2594,0
1063,1
1266,0
3936,0
8683,0
7105,0
376,0
312,0
5078,0
1514,1
2602,0
3262,1
7225,1
3789,0
3313,0
1676,0
3717,0
6930,1
2193,1
4329,1
1396,1
5297,0
4590,1
7848,1
6691,1
1926,0
4119,1
3241,0
6064,0
6899,0
3222,0
996,0
2965,0
4463,1
1341,0
4715,1
5838,1
1393,1
7727,1
5332,1
4087,1
333,0
645,0
7309,0
3177,0
2987,1
7349,1
2447,0
818,0
3970,1
6499,1
6599,0
2838,1
7988,0
8354,1
3930,1
6655,1
7989,0
2023,1
7150,1
7235,1
5820,1
4120,0
7931,0
2850,0
5902,1
8104,1
1003,0
7368,0
8262,0
8549,0
1691,1
8055,1
4717,1
1921,0
1614,0
3355,0
5274,1
6880,0
8445,1
8097,0
6406,1
366,1
596,1
6844,0
6019,0
4414,1
7298,0
3677,1
736,1
2129,0
3491,1
5157,1
6352,1
3846,0
2853,1
3639,0
7009,1
3184,0
5862,1
2762,0
7256,1
301,0
1363,0
8283,0
283,1
5541,1
2619,1
2244,1
2151,1
593,1
6820,0
5166,0
1525,1
2139,1
7926,0
7491,1
4096,0
1956,1
7435,1
4014,1
2893,1
1206,1
5021,0
3577,1
1262,1
7108,0
8119,1
3590,0
7083,0
5323,0
474,1
7709,1
5544,1
2233,1
5196,1
5236,0
2892,1
589,1
1500,1
3554,0
2832,0
4244,0
8088,1
5637,1
2607,1
5369,1
4436,0
473,1
2936,1
318,1
3473,0
2488,0
3417,0
3301,0
120,0
2106,1
6625,1
6058,1
7276,0
2328,1
674,1
5459,1
7608,0
6305,1
836,1
8426,0
3208,0
4886,1
2464,0
7012,0
2217,0
6140,0
532,1
1995,1
5515,1
7001,0
7263,1
4788,0
844,0
3729,1
2492,1
2756,0
7779,1
3834,0
2977,0
855,1
4630,1
2659,1
3384,1
3947,0
553,1
555,1
5749,1
6516,0
961,1
5918,1
2401,0
6232,1
8436,0
71,1
6919,0
1013,1
4214,0
5882,0
4295,0
186,1
160,1
6033,0
5982,1
2410,0
5357,0
7430,1
8686,0
8328,1
6174,0
470,1
1199,1
5684,1
6953,1
5352,1
5518,0
370,0
8567,0
7327,0
7,1
2121,1
2136,0
2395,1
7794,0
6787,1
4567,1
4287,0
5090,0
668,1
4336,1
5586,0
1542,1
6276,0
4619,1
7920,1
701,0
7261,0
7446,0
3824,1
6364,1
8032,1
4656,1
4147,1
6161,0
4722,1
3649,1
6472,1
8482,0
6434,0
8188,0
4186,0
7241,0
4818,1
2807,0
8593,0
3589,0
1101,1
275,0
1548,1
8252,1
7978,0
5109,0
2616,0
5506,1
3704,0
2918,0
2453,1
6926,0
5252,0
507,0
2371,1
4264,1
1631,0
4779,1
3618,1
1607,0
8181,0
3063,0
692,0
2429,0
1713,1
2094,1
8121,0
5911,0
95,1
5626,0
4615,1
2048,0
2622,0
2177,1
6326,0
5129,0
1241,1
2124,0
1365,0
2282,0
3328,0
1395,0
1648,0
2154,1
8685,1
5461,1
6374,1
3608,0
8642,0
3395,0
5747,1
7936,0
8626,0
7790,1
4696,0
8016,1
5434,0
291,0
4247,1
1012,0
2004,1
2415,0
4253,1
6262,0
887,0
5041,0
3016,1
2645,1
5649,1
3268,0
2409,0
6555,1
3098,0
2565,0
4081,1
2327,1
5577,1
2912,0
1800,1
2243,0
4864,0
5165,1
5221,0
5284,1
2983,1
400,1
2423,1
1383,0
6626,0
713,1
5513,1
3572,0
4819,1
871,1
6297,0
4830,0
567,0
5064,0
5275,0
6910,0
445,1
601,1
1204,0
6069,1
7282,0
5081,1
2628,1
1941,0
3075,1
7809,1
7313,1
7908,0
8132,1
6189,0
5674,0
8329,0
6501,1
2543,1
5753,0
7174,1
4821,0
6786,1
2120,0
5913,1
5851,1
3450,1
7033,1
3240,1
5355,1
5811,1
8431,0
6427,1
4989,1
4141,0
6329,0
6989,0
3403,1
6322,1
5692,1
5708,0
5732,1
336,0
2550,0
541,1
2744,1
6380,0
2079,0
18,1
3269,0
4566,0
4643,1
4585,1
608,0
1432,0
2200,0
7443,1
5514,1
8375,0
8182,0
8485,1
1703,0
4698,1
8191,1
3385,0
7556,0
8362,1
5953,0
3678,0
2238,0
3831,1
6742,0
1337,0
1900,1
3748,1
6620,1
2103,1
781,1
4913,1
6916,0
3454,0
2110,0
5655,1
2411,1
5989,1
6469,0
6489,0
3622,1
1499,1
5444,1
2301,0
5174,1
6365,0
6966,1
8639,0
3588,1
3277,0
2133,1
6218,0
1695,1
4889,1
4172,1
1801,1
6480,1
5844,1
2303,1
4472,1
7422,1
572,0
6508,1
6303,1
8228,1
1402,0
3907,1
2220,0
4445,1
6688,0
8340,0
6342,1
2420,0
3259,0
5886,1
5928,1
5496,1
5861,0
6304,0
5963,1
1579,0
4398,0
3695,0
7264,0
2909,1
7760,1
237,1
7323,1
7056,0
4286,0
5564,1
3043,1
250,1
1364,0
2140,0
4017,0
8063,1
3413,0
6658,0
3761,0
4268,0
1804,1
201,0
7339,0
1366,0
4010,1
6615,0
2722,1
4011,1
3931,1
2813,0
272,0
8311,1
6701,0
8156,1
7603,0
5660,1
7609,0
33,1
1151,1
4516,1
4113,1
4313,0
5867,1
246,0
4599,1
2112,0
8576,0
6202,1
4471,0
1714,1
7649,0
7604,1
3867,1
2462,0
7176,1
1401,0
1455,0
7048,0
1367,0
3194,0
3969,1
3414,0
2235,0
4741,0
6344,1
924,0
8565,0
1924,1
182,1
5601,1
6483,1
7449,1
5997,1
6553,1
7601,0
1503,1
7888,1
8144,1
375,1
4633,0
249,1
6373,0
3837,0
1672,1
1743,1
395,1
7553,0
1792,0
5983,1
4235,0
2949,0
5122,0
2264,0
1701,0
642,0
4386,0
6182,0
4129,0
2989,1
4097,1
4236,0
1194,0
2191,0
8098,1
4618,1
2379,1
8364,0
3073,0
1098,0
8673,1
599,1
1369,1
7462,1
5651,1
4018,1
4621,1
8495,0
1651,0
3995,0
7580,0
5758,1
2210,0
4750,1
910,0
2577,0
2339,1
3557,0
545,0
3780,0
3646,1
6254,1
1381,0
893,1
3873,1
4640,0
985,1
1979,0
7715,0
231,0
6667,1
2082,0
323,0
2693,0
6394,0
3042,1
7953,1
8624,1
7299,0
2808,1
4595,0
7260,0
2102,1
5641,1
2205,0
590,1
3353,1
1850,0
2146,0
4739,1
7387,0
8192,1
2536,1
2070,0
8211,1
3714,0
2680,1
1552,0
6401,0
7721,0
6117,1
6712,0
2724,1
4763,1
5144,0
5441,1
8036,0
5214,0
4782,1
7041,1
6209,0
2705,1
5050,1
6350,1
1170,0
4926,1
5189,1
3495,0
8259,1
1976,0
6651,1
6925,0
849,1
60,0
3709,1
6676,0
8591,0
4354,0
5154,0
3266,1
7021,1
884,0
3553,0
6163,1
3817,0
7441,0
7624,1
6362,1
6041,1
7826,1
116,0
5616,1
5472,1
172,1
8229,0
2105,1
7948,0
6734,0
6890,0
2963,0
5990,0
8384,0
5663,0
1247,0
1567,0
4085,1
1686,0
7381,1
2414,0
2085,0
3809,0
5101,1
1904,1
2073,1
8514,1
3982,1
6355,1
5233,0
7782,1
7508,1
1909,1
704,1
7259,1
7483,0
5899,0
6627,0
1943,0
7898,1
5522,0
4895,1
7382,0
2569,1
3586,1
708,1
7082,0
1570,0
7030,1
2188,0
8231,0
344,1
2788,1
7330,1
6541,0
6281,0
5823,0
1355,1
4734,1
6751,1
3989,0
1674,1
6687,1
6104,1
6526,1
1797,1
8451,0
5589,0
1566,0
1015,1
5647,1
7296,1
4206,0
6485,1
2,0
4981,1
1788,1
